YearMonth,State,OccurrenceCount
2016-01,PA,7
2016-02,IN,90
2016-02,KY,41
2016-02,MI,10
2016-02,OH,770
2016-02,PA,42
2016-02,WV,32
2016-03,CA,4279
2016-03,CT,78
2016-03,DE,8
2016-03,IA,41
2016-03,IN,62
2016-03,KY,121
2016-03,MA,35
2016-03,MD,8
2016-03,ME,1
2016-03,MI,12
2016-03,MN,3
2016-03,MO,7
2016-03,NE,152
2016-03,NH,1
2016-03,NJ,166
2016-03,NY,271
2016-03,OH,921
2016-03,PA,103
2016-03,RI,27
2016-03,WV,34
2016-04,CA,14221
2016-04,CT,251
2016-04,DE,18
2016-04,IA,92
2016-04,IL,1
2016-04,IN,74
2016-04,KY,92
2016-04,MA,66
2016-04,MD,18
2016-04,ME,2
2016-04,MI,3
2016-04,MN,4
2016-04,MO,17
2016-04,NE,548
2016-04,NH,21
2016-04,NJ,521
2016-04,NV,3
2016-04,NY,737
2016-04,OH,994
2016-04,PA,282
2016-04,RI,88
2016-04,SD,1
2016-04,WI,2
2016-04,WV,32
2016-05,CA,13988
2016-05,CT,243
2016-05,DE,16
2016-05,IA,129
2016-05,IN,58
2016-05,KY,63
2016-05,MA,84
2016-05,MD,19
2016-05,MI,4
2016-05,MN,1
2016-05,MO,21
2016-05,NE,578
2016-05,NH,8
2016-05,NJ,513
2016-05,NY,801
2016-05,OH,791
2016-05,PA,195
2016-05,RI,81
2016-05,WI,4
2016-05,WV,13
2016-06,AL,18
2016-06,AR,6
2016-06,AZ,123
2016-06,CA,14649
2016-06,CO,63
2016-06,CT,365
2016-06,DC,33
2016-06,DE,37
2016-06,FL,1865
2016-06,GA,781
2016-06,IA,156
2016-06,ID,37
2016-06,IL,919
2016-06,IN,91
2016-06,KS,49
2016-06,KY,68
2016-06,LA,44
2016-06,MA,315
2016-06,MD,493
2016-06,ME,1
2016-06,MI,711
2016-06,MN,107
2016-06,MO,194
2016-06,MS,26
2016-06,MT,2
2016-06,NC,358
2016-06,NE,699
2016-06,NH,20
2016-06,NJ,636
2016-06,NM,6
2016-06,NV,65
2016-06,NY,1495
2016-06,OH,893
2016-06,OK,14
2016-06,OR,43
2016-06,PA,1078
2016-06,RI,110
2016-06,SC,179
2016-06,TN,178
2016-06,TX,2399
2016-06,UT,58
2016-06,VA,379
2016-06,WA,634
2016-06,WI,99
2016-06,WV,41
2016-06,WY,1
2016-07,AL,21
2016-07,AR,3
2016-07,AZ,416
2016-07,CA,12664
2016-07,CO,194
2016-07,CT,454
2016-07,DC,54
2016-07,DE,30
2016-07,FL,5000
2016-07,GA,1616
2016-07,IA,132
2016-07,ID,82
2016-07,IL,2195
2016-07,IN,162
2016-07,KS,97
2016-07,KY,138
2016-07,LA,134
2016-07,MA,674
2016-07,MD,905
2016-07,ME,20
2016-07,MI,1947
2016-07,MN,316
2016-07,MO,472
2016-07,MS,55
2016-07,MT,17
2016-07,NC,1041
2016-07,NE,506
2016-07,NH,33
2016-07,NJ,770
2016-07,NM,24
2016-07,NV,237
2016-07,NY,2378
2016-07,OH,951
2016-07,OK,41
2016-07,OR,112
2016-07,PA,2536
2016-07,RI,106
2016-07,SC,350
2016-07,SD,1
2016-07,TN,241
2016-07,TX,6195
2016-07,UT,221
2016-07,VA,571
2016-07,VT,3
2016-07,WA,1356
2016-07,WI,214
2016-07,WV,81
2016-07,WY,14
2016-08,AL,21
2016-08,AR,2
2016-08,AZ,451
2016-08,CA,16229
2016-08,CO,233
2016-08,CT,490
2016-08,DC,67
2016-08,DE,37
2016-08,FL,6292
2016-08,GA,1961
2016-08,IA,147
2016-08,ID,62
2016-08,IL,2832
2016-08,IN,214
2016-08,KS,139
2016-08,KY,126
2016-08,LA,204
2016-08,MA,797
2016-08,MD,1038
2016-08,ME,19
2016-08,MI,2480
2016-08,MN,463
2016-08,MO,638
2016-08,MS,88
2016-08,MT,7
2016-08,NC,1059
2016-08,NE,741
2016-08,NH,37
2016-08,NJ,897
2016-08,NM,20
2016-08,NV,285
2016-08,NY,2745
2016-08,OH,1183
2016-08,OK,103
2016-08,OR,128
2016-08,PA,3114
2016-08,RI,163
2016-08,SC,491
2016-08,SD,3
2016-08,TN,312
2016-08,TX,7500
2016-08,UT,164
2016-08,VA,802
2016-08,VT,1
2016-08,WA,1351
2016-08,WI,279
2016-08,WV,36
2016-08,WY,6
2016-09,AL,15
2016-09,AR,3
2016-09,AZ,377
2016-09,CA,15954
2016-09,CO,217
2016-09,CT,483
2016-09,DC,71
2016-09,DE,30
2016-09,FL,5626
2016-09,GA,2166
2016-09,IA,237
2016-09,ID,47
2016-09,IL,2559
2016-09,IN,177
2016-09,KS,93
2016-09,KY,80
2016-09,LA,118
2016-09,MA,691
2016-09,MD,988
2016-09,ME,17
2016-09,MI,2611
2016-09,MN,345
2016-09,MO,561
2016-09,MS,60
2016-09,MT,4
2016-09,NC,693
2016-09,ND,2
2016-09,NE,700
2016-09,NH,19
2016-09,NJ,944
2016-09,NM,20
2016-09,NV,165
2016-09,NY,2673
2016-09,OH,1203
2016-09,OK,105
2016-09,OR,148
2016-09,PA,3224
2016-09,RI,182
2016-09,SC,513
2016-09,TN,187
2016-09,TX,7932
2016-09,UT,87
2016-09,VA,855
2016-09,VT,2
2016-09,WA,1281
2016-09,WI,197
2016-09,WV,28
2016-09,WY,8
2016-10,AL,23
2016-10,AR,6
2016-10,AZ,491
2016-10,CA,15877
2016-10,CO,217
2016-10,CT,537
2016-10,DC,50
2016-10,DE,34
2016-10,FL,5330
2016-10,GA,2126
2016-10,IA,318
2016-10,ID,49
2016-10,IL,2591
2016-10,IN,202
2016-10,KS,122
2016-10,KY,121
2016-10,LA,96
2016-10,MA,703
2016-10,MD,1188
2016-10,ME,15
2016-10,MI,2664
2016-10,MN,413
2016-10,MO,547
2016-10,MS,55
2016-10,MT,6
2016-10,NC,1098
2016-10,NE,702
2016-10,NH,29
2016-10,NJ,1029
2016-10,NM,22
2016-10,NV,192
2016-10,NY,2704
2016-10,OH,993
2016-10,OK,90
2016-10,OR,193
2016-10,PA,3293
2016-10,RI,181
2016-10,SC,464
2016-10,TN,188
2016-10,TX,7771
2016-10,UT,148
2016-10,VA,1058
2016-10,VT,1
2016-10,WA,1459
2016-10,WI,231
2016-10,WV,32
2016-10,WY,10
2016-11,AL,13
2016-11,AR,3
2016-11,AZ,483
2016-11,CA,17666
2016-11,CO,201
2016-11,CT,717
2016-11,DC,98
2016-11,DE,45
2016-11,FL,6624
2016-11,GA,2317
2016-11,IA,366
2016-11,ID,59
2016-11,IL,3062
2016-11,IN,203
2016-11,KS,144
2016-11,KY,123
2016-11,LA,136
2016-11,MA,963
2016-11,MD,1422
2016-11,ME,23
2016-11,MI,2802
2016-11,MN,415
2016-11,MO,623
2016-11,MS,59
2016-11,MT,10
2016-11,NC,928
2016-11,NE,626
2016-11,NH,37
2016-11,NJ,1314
2016-11,NM,34
2016-11,NV,250
2016-11,NY,3213
2016-11,OH,1290
2016-11,OK,94
2016-11,OR,199
2016-11,PA,4005
2016-11,RI,249
2016-11,SC,527
2016-11,SD,1
2016-11,TN,267
2016-11,TX,9850
2016-11,UT,158
2016-11,VA,1455
2016-11,VT,5
2016-11,WA,1604
2016-11,WI,280
2016-11,WV,61
2016-11,WY,16
2016-12,AL,24
2016-12,AR,3
2016-12,AZ,429
2016-12,CA,14925
2016-12,CO,199
2016-12,CT,592
2016-12,DC,81
2016-12,DE,26
2016-12,FL,6323
2016-12,GA,2282
2016-12,IA,387
2016-12,ID,83
2016-12,IL,2920
2016-12,IN,290
2016-12,KS,118
2016-12,KY,95
2016-12,LA,117
2016-12,MA,872
2016-12,MD,1463
2016-12,ME,37
2016-12,MI,3408
2016-12,MN,500
2016-12,MO,678
2016-12,MS,59
2016-12,MT,16
2016-12,NC,970
2016-12,ND,1
2016-12,NE,559
2016-12,NH,110
2016-12,NJ,1163
2016-12,NM,27
2016-12,NV,160
2016-12,NY,3080
2016-12,OH,1342
2016-12,OK,123
2016-12,OR,203
2016-12,PA,3353
2016-12,RI,222
2016-12,SC,491
2016-12,SD,2
2016-12,TN,315
2016-12,TX,8122
2016-12,UT,132
2016-12,VA,1373
2016-12,VT,5
2016-12,WA,1630
2016-12,WI,256
2016-12,WV,39
2016-12,WY,14
2017-01,AL,31
2017-01,AR,9
2017-01,AZ,305
2017-01,CA,14568
2017-01,CO,178
2017-01,CT,539
2017-01,DC,79
2017-01,DE,26
2017-01,FL,5529
2017-01,GA,1943
2017-01,IA,314
2017-01,ID,78
2017-01,IL,2392
2017-01,IN,216
2017-01,KS,128
2017-01,KY,53
2017-01,LA,129
2017-01,MA,927
2017-01,MD,1260
2017-01,ME,37
2017-01,MI,2727
2017-01,MN,491
2017-01,MO,627
2017-01,MS,78
2017-01,MT,28
2017-01,NC,949
2017-01,NE,551
2017-01,NH,105
2017-01,NJ,1100
2017-01,NM,16
2017-01,NV,193
2017-01,NY,2914
2017-01,OH,1525
2017-01,OK,71
2017-01,OR,123
2017-01,PA,3026
2017-01,RI,180
2017-01,SC,501
2017-01,SD,2
2017-01,TN,221
2017-01,TX,8699
2017-01,UT,159
2017-01,VA,1122
2017-01,VT,3
2017-01,WA,1240
2017-01,WI,255
2017-01,WV,53
2017-01,WY,13
2017-02,AL,13
2017-02,AR,17
2017-02,AZ,294
2017-02,CA,14406
2017-02,CO,133
2017-02,CT,535
2017-02,DC,78
2017-02,DE,29
2017-02,FL,4939
2017-02,GA,1781
2017-02,IA,313
2017-02,ID,56
2017-02,IL,2378
2017-02,IN,198
2017-02,KS,89
2017-02,KY,58
2017-02,LA,120
2017-02,MA,953
2017-02,MD,1102
2017-02,ME,61
2017-02,MI,2103
2017-02,MN,224
2017-02,MO,521
2017-02,MS,65
2017-02,MT,18
2017-02,NC,1008
2017-02,NE,536
2017-02,NH,171
2017-02,NJ,1150
2017-02,NM,16
2017-02,NV,143
2017-02,NY,2867
2017-02,OH,1187
2017-02,OK,87
2017-02,OR,130
2017-02,PA,3005
2017-02,RI,207
2017-02,SC,520
2017-02,SD,2
2017-02,TN,199
2017-02,TX,7188
2017-02,UT,94
2017-02,VA,933
2017-02,VT,13
2017-02,WA,1428
2017-02,WI,227
2017-02,WV,62
2017-02,WY,22
2017-03,AL,25
2017-03,AR,15
2017-03,AZ,399
2017-03,CA,14680
2017-03,CO,138
2017-03,CT,596
2017-03,DC,62
2017-03,DE,20
2017-03,FL,6619
2017-03,GA,1954
2017-03,IA,231
2017-03,ID,37
2017-03,IL,2526
2017-03,IN,193
2017-03,KS,141
2017-03,KY,100
2017-03,LA,161
2017-03,MA,725
2017-03,MD,1287
2017-03,ME,44
2017-03,MI,2785
2017-03,MN,248
2017-03,MO,634
2017-03,MS,91
2017-03,MT,8
2017-03,NC,1406
2017-03,NE,492
2017-03,NH,101
2017-03,NJ,1389
2017-03,NM,20
2017-03,NV,113
2017-03,NY,3022
2017-03,OH,1105
2017-03,OK,68
2017-03,OR,149
2017-03,PA,3140
2017-03,RI,173
2017-03,SC,562
2017-03,TN,275
2017-03,TX,8610
2017-03,UT,100
2017-03,VA,1180
2017-03,VT,15
2017-03,WA,1352
2017-03,WI,242
2017-03,WV,72
2017-03,WY,10
2017-04,AL,26
2017-04,AR,16
2017-04,AZ,266
2017-04,CA,14572
2017-04,CO,170
2017-04,CT,436
2017-04,DC,53
2017-04,DE,25
2017-04,FL,4366
2017-04,GA,1480
2017-04,IA,256
2017-04,ID,24
2017-04,IL,2337
2017-04,IN,169
2017-04,KS,118
2017-04,KY,56
2017-04,LA,127
2017-04,MA,502
2017-04,MD,1001
2017-04,ME,36
2017-04,MI,2043
2017-04,MN,295
2017-04,MO,526
2017-04,MS,78
2017-04,MT,3
2017-04,NC,904
2017-04,NE,510
2017-04,NH,92
2017-04,NJ,1017
2017-04,NM,29
2017-04,NV,86
2017-04,NY,2296
2017-04,OH,799
2017-04,OK,98
2017-04,OR,124
2017-04,PA,2454
2017-04,RI,176
2017-04,SC,463
2017-04,TN,266
2017-04,TX,7483
2017-04,UT,65
2017-04,VA,928
2017-04,VT,3
2017-04,WA,1095
2017-04,WI,191
2017-04,WV,51
2017-04,WY,4
2017-05,AL,72
2017-05,AR,4
2017-05,AZ,438
2017-05,CA,11403
2017-05,CO,218
2017-05,CT,426
2017-05,DC,45
2017-05,DE,50
2017-05,FL,3905
2017-05,GA,1521
2017-05,IA,169
2017-05,ID,33
2017-05,IL,1990
2017-05,IN,226
2017-05,KS,110
2017-05,KY,49
2017-05,LA,28
2017-05,MA,408
2017-05,MD,863
2017-05,ME,47
2017-05,MI,1825
2017-05,MN,307
2017-05,MO,458
2017-05,MS,17
2017-05,MT,7
2017-05,NC,808
2017-05,NE,407
2017-05,NH,88
2017-05,NJ,1039
2017-05,NM,40
2017-05,NV,171
2017-05,NY,2039
2017-05,OH,820
2017-05,OK,84
2017-05,OR,147
2017-05,PA,1932
2017-05,RI,188
2017-05,SC,386
2017-05,TN,230
2017-05,TX,5680
2017-05,UT,138
2017-05,VA,930
2017-05,VT,5
2017-05,WA,1101
2017-05,WI,244
2017-05,WV,38
2017-05,WY,2
2017-06,AL,69
2017-06,AZ,316
2017-06,CA,12612
2017-06,CO,207
2017-06,CT,570
2017-06,DC,39
2017-06,DE,41
2017-06,FL,4079
2017-06,GA,1599
2017-06,IA,219
2017-06,ID,24
2017-06,IL,2341
2017-06,IN,172
2017-06,KS,87
2017-06,KY,61
2017-06,MA,574
2017-06,MD,1069
2017-06,ME,48
2017-06,MI,2299
2017-06,MN,335
2017-06,MO,467
2017-06,MT,3
2017-06,NC,858
2017-06,NE,515
2017-06,NH,100
2017-06,NJ,1147
2017-06,NM,50
2017-06,NV,193
2017-06,NY,2761
2017-06,OH,918
2017-06,OK,79
2017-06,OR,108
2017-06,PA,2358
2017-06,RI,241
2017-06,SC,460
2017-06,TN,208
2017-06,TX,6339
2017-06,UT,173
2017-06,VA,954
2017-06,VT,6
2017-06,WA,1243
2017-06,WI,239
2017-06,WV,85
2017-06,WY,6
2017-07,AL,138
2017-07,AR,2
2017-07,AZ,518
2017-07,CA,11013
2017-07,CO,253
2017-07,CT,522
2017-07,DC,41
2017-07,DE,48
2017-07,FL,3255
2017-07,GA,1613
2017-07,IA,261
2017-07,ID,39
2017-07,IL,1732
2017-07,IN,333
2017-07,KS,131
2017-07,KY,142
2017-07,LA,322
2017-07,MA,544
2017-07,MD,1013
2017-07,ME,62
2017-07,MI,1955
2017-07,MN,538
2017-07,MO,439
2017-07,MS,8
2017-07,MT,15
2017-07,NC,1267
2017-07,NE,410
2017-07,NH,112
2017-07,NJ,950
2017-07,NM,58
2017-07,NV,170
2017-07,NY,2359
2017-07,OH,712
2017-07,OK,267
2017-07,OR,243
2017-07,PA,1363
2017-07,RI,166
2017-07,SC,741
2017-07,TN,455
2017-07,TX,5742
2017-07,UT,232
2017-07,VA,1173
2017-07,VT,9
2017-07,WA,1562
2017-07,WI,231
2017-07,WV,94
2017-07,WY,9
2017-08,AL,665
2017-08,AR,16
2017-08,AZ,2087
2017-08,CA,12323
2017-08,CO,1211
2017-08,CT,614
2017-08,DC,78
2017-08,DE,117
2017-08,FL,6634
2017-08,GA,2051
2017-08,IA,260
2017-08,ID,33
2017-08,IL,1824
2017-08,IN,1347
2017-08,KS,263
2017-08,KY,549
2017-08,LA,2829
2017-08,MA,835
2017-08,MD,1152
2017-08,ME,72
2017-08,MI,2456
2017-08,MN,1629
2017-08,MO,823
2017-08,MS,152
2017-08,MT,4
2017-08,NC,5771
2017-08,ND,2
2017-08,NE,536
2017-08,NH,288
2017-08,NJ,1272
2017-08,NM,169
2017-08,NV,289
2017-08,NY,4121
2017-08,OH,1296
2017-08,OK,1783
2017-08,OR,842
2017-08,PA,2110
2017-08,RI,313
2017-08,SC,5284
2017-08,SD,2
2017-08,TN,2660
2017-08,TX,7803
2017-08,UT,811
2017-08,VA,3290
2017-08,VT,19
2017-08,WA,1662
2017-08,WI,548
2017-08,WV,48
2017-08,WY,12
2017-09,AL,522
2017-09,AR,15
2017-09,AZ,2297
2017-09,CA,12480
2017-09,CO,1180
2017-09,CT,561
2017-09,DC,77
2017-09,DE,165
2017-09,FL,4717
2017-09,GA,1928
2017-09,IA,212
2017-09,ID,16
2017-09,IL,1711
2017-09,IN,1391
2017-09,KS,164
2017-09,KY,658
2017-09,LA,2815
2017-09,MA,862
2017-09,MD,1154
2017-09,ME,50
2017-09,MI,2429
2017-09,MN,1490
2017-09,MO,677
2017-09,MS,147
2017-09,MT,6
2017-09,NC,5591
2017-09,ND,1
2017-09,NE,507
2017-09,NH,245
2017-09,NJ,1146
2017-09,NM,173
2017-09,NV,304
2017-09,NY,3740
2017-09,OH,1472
2017-09,OK,1959
2017-09,OR,781
2017-09,PA,2441
2017-09,RI,301
2017-09,SC,4709
2017-09,SD,1
2017-09,TN,2336
2017-09,TX,7099
2017-09,UT,912
2017-09,VA,3028
2017-09,VT,6
2017-09,WA,1840
2017-09,WI,525
2017-09,WV,52
2017-09,WY,9
2017-10,AL,385
2017-10,AR,16
2017-10,AZ,1790
2017-10,CA,11754
2017-10,CO,1287
2017-10,CT,666
2017-10,DC,53
2017-10,DE,118
2017-10,FL,5431
2017-10,GA,2202
2017-10,IA,169
2017-10,ID,11
2017-10,IL,2250
2017-10,IN,1032
2017-10,KS,160
2017-10,KY,639
2017-10,LA,2473
2017-10,MA,937
2017-10,MD,578
2017-10,ME,38
2017-10,MI,2392
2017-10,MN,1360
2017-10,MO,753
2017-10,MS,101
2017-10,MT,9
2017-10,NC,4973
2017-10,NE,581
2017-10,NH,232
2017-10,NJ,1475
2017-10,NM,204
2017-10,NV,265
2017-10,NY,3701
2017-10,OH,1512
2017-10,OK,1742
2017-10,OR,1424
2017-10,PA,1913
2017-10,RI,303
2017-10,SC,5283
2017-10,TN,1215
2017-10,TX,7289
2017-10,UT,703
2017-10,VA,2694
2017-10,VT,19
2017-10,WA,2287
2017-10,WI,497
2017-10,WV,52
2017-10,WY,7
2017-11,AL,334
2017-11,AR,9
2017-11,AZ,1874
2017-11,CA,12070
2017-11,CO,1069
2017-11,CT,693
2017-11,DC,53
2017-11,DE,117
2017-11,FL,5649
2017-11,GA,2009
2017-11,IA,310
2017-11,ID,7
2017-11,IL,2062
2017-11,IN,577
2017-11,KS,157
2017-11,KY,328
2017-11,LA,1727
2017-11,MA,994
2017-11,MD,719
2017-11,ME,28
2017-11,MI,1429
2017-11,MN,1290
2017-11,MO,699
2017-11,MS,134
2017-11,MT,15
2017-11,NC,5726
2017-11,NE,587
2017-11,NH,237
2017-11,NJ,1320
2017-11,NM,179
2017-11,NV,339
2017-11,NY,3461
2017-11,OH,955
2017-11,OK,1629
2017-11,OR,1228
2017-11,PA,1425
2017-11,RI,326
2017-11,SC,5099
2017-11,SD,2
2017-11,TN,1233
2017-11,TX,6624
2017-11,UT,620
2017-11,VA,2263
2017-11,VT,20
2017-11,WA,1974
2017-11,WI,468
2017-11,WV,52
2017-11,WY,7
2017-12,AL,624
2017-12,AR,15
2017-12,AZ,1745
2017-12,CA,10867
2017-12,CO,1061
2017-12,CT,584
2017-12,DC,105
2017-12,DE,135
2017-12,FL,5583
2017-12,GA,1990
2017-12,IA,302
2017-12,ID,10
2017-12,IL,1767
2017-12,IN,1093
2017-12,KS,189
2017-12,KY,589
2017-12,LA,1502
2017-12,MA,785
2017-12,MD,1143
2017-12,ME,68
2017-12,MI,3026
2017-12,MN,2227
2017-12,MO,762
2017-12,MS,166
2017-12,MT,17
2017-12,NC,4847
2017-12,ND,1
2017-12,NE,571
2017-12,NH,265
2017-12,NJ,1105
2017-12,NM,186
2017-12,NV,238
2017-12,NY,3705
2017-12,OH,1355
2017-12,OK,1891
2017-12,OR,876
2017-12,PA,1738
2017-12,RI,291
2017-12,SC,4325
2017-12,SD,3
2017-12,TN,1719
2017-12,TX,7032
2017-12,UT,645
2017-12,VA,2248
2017-12,VT,37
2017-12,WA,1713
2017-12,WI,444
2017-12,WV,41
2017-12,WY,11
2018-01,AL,761
2018-01,AR,23
2018-01,AZ,2168
2018-01,CA,12381
2018-01,CO,1142
2018-01,CT,596
2018-01,DC,111
2018-01,DE,97
2018-01,FL,5138
2018-01,GA,2025
2018-01,IA,208
2018-01,ID,8
2018-01,IL,2312
2018-01,IN,1650
2018-01,KS,263
2018-01,KY,685
2018-01,LA,1519
2018-01,MA,999
2018-01,MD,1064
2018-01,ME,54
2018-01,MI,2777
2018-01,MN,2246
2018-01,MO,774
2018-01,MS,198
2018-01,MT,26
2018-01,NC,5132
2018-01,NE,612
2018-01,NH,237
2018-01,NJ,1268
2018-01,NM,154
2018-01,NV,156
2018-01,NY,3383
2018-01,OH,1489
2018-01,OK,1782
2018-01,OR,756
2018-01,PA,1931
2018-01,RI,295
2018-01,SC,5156
2018-01,SD,5
2018-01,TN,1854
2018-01,TX,6647
2018-01,UT,640
2018-01,VA,2230
2018-01,VT,19
2018-01,WA,1555
2018-01,WI,509
2018-01,WV,45
2018-01,WY,13
2018-02,AL,729
2018-02,AR,57
2018-02,AZ,1724
2018-02,CA,11500
2018-02,CO,1148
2018-02,CT,528
2018-02,DC,125
2018-02,DE,134
2018-02,FL,4929
2018-02,GA,1946
2018-02,IA,370
2018-02,ID,30
2018-02,IL,2135
2018-02,IN,1206
2018-02,KS,209
2018-02,KY,729
2018-02,LA,1463
2018-02,MA,843
2018-02,MD,1034
2018-02,ME,31
2018-02,MI,2439
2018-02,MN,1866
2018-02,MO,812
2018-02,MS,237
2018-02,MT,57
2018-02,NC,5070
2018-02,ND,1
2018-02,NE,553
2018-02,NH,262
2018-02,NJ,1253
2018-02,NM,197
2018-02,NV,258
2018-02,NY,2649
2018-02,OH,1263
2018-02,OK,1561
2018-02,OR,802
2018-02,PA,1553
2018-02,RI,230
2018-02,SC,5168
2018-02,TN,1964
2018-02,TX,7772
2018-02,UT,951
2018-02,VA,1857
2018-02,VT,22
2018-02,WA,1386
2018-02,WI,430
2018-02,WV,39
2018-02,WY,13
2018-03,AL,1105
2018-03,AR,31
2018-03,AZ,1634
2018-03,CA,14841
2018-03,CO,1088
2018-03,CT,483
2018-03,DC,86
2018-03,DE,198
2018-03,FL,5578
2018-03,GA,2042
2018-03,IA,193
2018-03,ID,45
2018-03,IL,1958
2018-03,IN,1034
2018-03,KS,226
2018-03,KY,719
2018-03,LA,1890
2018-03,MA,618
2018-03,MD,1144
2018-03,ME,24
2018-03,MI,2091
2018-03,MN,1543
2018-03,MO,851
2018-03,MS,197
2018-03,MT,4
2018-03,NC,4324
2018-03,NE,428
2018-03,NH,186
2018-03,NJ,1490
2018-03,NM,192
2018-03,NV,203
2018-03,NY,3027
2018-03,OH,1222
2018-03,OK,1721
2018-03,OR,806
2018-03,PA,1878
2018-03,RI,203
2018-03,SC,5471
2018-03,TN,1925
2018-03,TX,7258
2018-03,UT,605
2018-03,VA,1970
2018-03,VT,20
2018-03,WA,1502
2018-03,WI,375
2018-03,WV,40
2018-03,WY,15
2018-04,AL,1049
2018-04,AR,52
2018-04,AZ,1706
2018-04,CA,13780
2018-04,CO,956
2018-04,CT,556
2018-04,DC,93
2018-04,DE,118
2018-04,FL,5497
2018-04,GA,1905
2018-04,IA,232
2018-04,ID,31
2018-04,IL,1565
2018-04,IN,1101
2018-04,KS,188
2018-04,KY,622
2018-04,LA,2098
2018-04,MA,591
2018-04,MD,898
2018-04,ME,39
2018-04,MI,2060
2018-04,MN,1775
2018-04,MO,745
2018-04,MS,192
2018-04,MT,13
2018-04,NC,5369
2018-04,NE,445
2018-04,NH,137
2018-04,NJ,1237
2018-04,NM,154
2018-04,NV,197
2018-04,NY,2885
2018-04,OH,1141
2018-04,OK,1716
2018-04,OR,610
2018-04,PA,1769
2018-04,RI,225
2018-04,SC,5392
2018-04,TN,2186
2018-04,TX,7058
2018-04,UT,635
2018-04,VA,1666
2018-04,VT,12
2018-04,WA,1502
2018-04,WI,384
2018-04,WV,62
2018-04,WY,13
2018-05,AL,1112
2018-05,AR,47
2018-05,AZ,1938
2018-05,CA,13606
2018-05,CO,1229
2018-05,CT,553
2018-05,DC,95
2018-05,DE,202
2018-05,FL,5937
2018-05,GA,1794
2018-05,IA,211
2018-05,ID,44
2018-05,IL,1813
2018-05,IN,1064
2018-05,KS,182
2018-05,KY,554
2018-05,LA,2393
2018-05,MA,897
2018-05,MD,845
2018-05,ME,29
2018-05,MI,2384
2018-05,MN,1351
2018-05,MO,772
2018-05,MS,204
2018-05,MT,5
2018-05,NC,5831
2018-05,ND,13
2018-05,NE,479
2018-05,NH,183
2018-05,NJ,1295
2018-05,NM,217
2018-05,NV,212
2018-05,NY,2892
2018-05,OH,1187
2018-05,OK,2001
2018-05,OR,651
2018-05,PA,2059
2018-05,RI,258
2018-05,SC,5990
2018-05,TN,2122
2018-05,TX,7071
2018-05,UT,711
2018-05,VA,1855
2018-05,VT,1
2018-05,WA,1761
2018-05,WI,412
2018-05,WV,60
2018-05,WY,7
2018-06,AL,957
2018-06,AR,29
2018-06,AZ,1629
2018-06,CA,12654
2018-06,CO,1005
2018-06,CT,566
2018-06,DC,85
2018-06,DE,140
2018-06,FL,4893
2018-06,GA,1923
2018-06,IA,196
2018-06,ID,31
2018-06,IL,1762
2018-06,IN,1105
2018-06,KS,136
2018-06,KY,644
2018-06,LA,1580
2018-06,MA,884
2018-06,MD,800
2018-06,ME,55
2018-06,MI,1888
2018-06,MN,1407
2018-06,MO,595
2018-06,MS,165
2018-06,MT,4
2018-06,NC,4221
2018-06,NE,336
2018-06,NH,242
2018-06,NJ,1325
2018-06,NM,160
2018-06,NV,236
2018-06,NY,3466
2018-06,OH,1319
2018-06,OK,1465
2018-06,OR,712
2018-06,PA,1824
2018-06,RI,257
2018-06,SC,3962
2018-06,TN,1793
2018-06,TX,6406
2018-06,UT,653
2018-06,VA,1803
2018-06,VT,17
2018-06,WA,2047
2018-06,WI,403
2018-06,WV,37
2018-06,WY,14
2018-07,AL,769
2018-07,AR,18
2018-07,AZ,1639
2018-07,CA,14056
2018-07,CO,869
2018-07,CT,468
2018-07,DC,57
2018-07,DE,116
2018-07,FL,5008
2018-07,GA,1833
2018-07,IA,137
2018-07,ID,51
2018-07,IL,1876
2018-07,IN,1246
2018-07,KS,137
2018-07,KY,626
2018-07,LA,1319
2018-07,MA,512
2018-07,MD,733
2018-07,ME,94
2018-07,MI,1626
2018-07,MN,1362
2018-07,MO,540
2018-07,MS,172
2018-07,MT,1
2018-07,NC,3691
2018-07,ND,2
2018-07,NE,358
2018-07,NH,167
2018-07,NJ,1076
2018-07,NM,93
2018-07,NV,210
2018-07,NY,2834
2018-07,OH,1176
2018-07,OK,1732
2018-07,OR,635
2018-07,PA,1831
2018-07,RI,285
2018-07,SC,4074
2018-07,TN,1702
2018-07,TX,5873
2018-07,UT,566
2018-07,VA,2131
2018-07,VT,7
2018-07,WA,1737
2018-07,WI,301
2018-07,WV,46
2018-07,WY,10
2018-08,AL,1166
2018-08,AR,35
2018-08,AZ,2398
2018-08,CA,15351
2018-08,CO,1250
2018-08,CT,424
2018-08,DC,47
2018-08,DE,102
2018-08,FL,6145
2018-08,GA,2406
2018-08,IA,174
2018-08,ID,43
2018-08,IL,1986
2018-08,IN,1030
2018-08,KS,195
2018-08,KY,697
2018-08,LA,1768
2018-08,MA,752
2018-08,MD,649
2018-08,ME,103
2018-08,MI,1812
2018-08,MN,1675
2018-08,MO,641
2018-08,MS,211
2018-08,MT,3
2018-08,NC,4322
2018-08,ND,1
2018-08,NE,521
2018-08,NH,195
2018-08,NJ,914
2018-08,NM,174
2018-08,NV,262
2018-08,NY,2689
2018-08,OH,1061
2018-08,OK,1914
2018-08,OR,3251
2018-08,PA,1677
2018-08,RI,313
2018-08,SC,4109
2018-08,SD,1
2018-08,TN,2223
2018-08,TX,6949
2018-08,UT,724
2018-08,VA,2029
2018-08,VT,8
2018-08,WA,1715
2018-08,WI,300
2018-08,WV,14
2018-08,WY,7
2018-09,AL,1351
2018-09,AR,67
2018-09,AZ,1785
2018-09,CA,14160
2018-09,CO,1294
2018-09,CT,527
2018-09,DC,65
2018-09,DE,44
2018-09,FL,4875
2018-09,GA,1842
2018-09,IA,123
2018-09,ID,39
2018-09,IL,2176
2018-09,IN,1421
2018-09,KS,205
2018-09,KY,714
2018-09,LA,1655
2018-09,MA,717
2018-09,MD,740
2018-09,ME,80
2018-09,MI,1854
2018-09,MN,1545
2018-09,MO,633
2018-09,MS,245
2018-09,MT,5
2018-09,NC,4049
2018-09,ND,1
2018-09,NE,514
2018-09,NH,179
2018-09,NJ,1169
2018-09,NM,195
2018-09,NV,200
2018-09,NY,3128
2018-09,OH,1619
2018-09,OK,1418
2018-09,OR,3372
2018-09,PA,1818
2018-09,RI,324
2018-09,SC,3606
2018-09,SD,1
2018-09,TN,2150
2018-09,TX,6594
2018-09,UT,744
2018-09,VA,2310
2018-09,VT,18
2018-09,WA,1369
2018-09,WI,348
2018-09,WV,58
2018-09,WY,8
2018-10,AL,1729
2018-10,AR,64
2018-10,AZ,1925
2018-10,CA,14500
2018-10,CO,1326
2018-10,CT,616
2018-10,DC,69
2018-10,DE,185
2018-10,FL,6767
2018-10,GA,2380
2018-10,IA,196
2018-10,ID,40
2018-10,IL,2750
2018-10,IN,1591
2018-10,KS,236
2018-10,KY,735
2018-10,LA,1725
2018-10,MA,972
2018-10,MD,1100
2018-10,ME,64
2018-10,MI,2004
2018-10,MN,1680
2018-10,MO,824
2018-10,MS,234
2018-10,MT,12
2018-10,NC,5393
2018-10,NE,634
2018-10,NH,202
2018-10,NJ,1304
2018-10,NM,195
2018-10,NV,222
2018-10,NY,4034
2018-10,OH,2465
2018-10,OK,1749
2018-10,OR,2943
2018-10,PA,2242
2018-10,RI,320
2018-10,SC,5064
2018-10,SD,1
2018-10,TN,2542
2018-10,TX,7905
2018-10,UT,893
2018-10,VA,3503
2018-10,VT,15
2018-10,WA,1374
2018-10,WI,445
2018-10,WV,90
2018-10,WY,11
2018-11,AL,1720
2018-11,AR,95
2018-11,AZ,2253
2018-11,CA,12486
2018-11,CO,1536
2018-11,CT,595
2018-11,DC,53
2018-11,DE,143
2018-11,FL,5702
2018-11,GA,2334
2018-11,IA,228
2018-11,ID,28
2018-11,IL,2251
2018-11,IN,539
2018-11,KS,274
2018-11,KY,673
2018-11,LA,1555
2018-11,MA,941
2018-11,MD,1099
2018-11,ME,79
2018-11,MI,1930
2018-11,MN,1877
2018-11,MO,949
2018-11,MS,237
2018-11,MT,8
2018-11,NC,4663
2018-11,ND,1
2018-11,NE,466
2018-11,NH,324
2018-11,NJ,1466
2018-11,NM,217
2018-11,NV,250
2018-11,NY,4079
2018-11,OH,2165
2018-11,OK,1860
2018-11,OR,3805
2018-11,PA,2029
2018-11,RI,324
2018-11,SC,4283
2018-11,SD,2
2018-11,TN,2253
2018-11,TX,7561
2018-11,UT,1463
2018-11,VA,3010
2018-11,VT,27
2018-11,WA,1479
2018-11,WI,668
2018-11,WV,105
2018-11,WY,71
2018-12,AL,1652
2018-12,AR,80
2018-12,AZ,1907
2018-12,CA,7583
2018-12,CO,1306
2018-12,CT,509
2018-12,DC,69
2018-12,DE,165
2018-12,FL,5312
2018-12,GA,2202
2018-12,IA,215
2018-12,ID,29
2018-12,IL,1504
2018-12,IN,721
2018-12,KS,155
2018-12,KY,554
2018-12,LA,1465
2018-12,MA,701
2018-12,MD,913
2018-12,ME,51
2018-12,MI,1460
2018-12,MN,1900
2018-12,MO,649
2018-12,MS,247
2018-12,MT,14
2018-12,NC,4197
2018-12,NE,504
2018-12,NH,197
2018-12,NJ,1193
2018-12,NM,164
2018-12,NV,257
2018-12,NY,2984
2018-12,OH,1552
2018-12,OK,1569
2018-12,OR,4177
2018-12,PA,1619
2018-12,RI,225
2018-12,SC,4083
2018-12,SD,3
2018-12,TN,1760
2018-12,TX,7017
2018-12,UT,2602
2018-12,VA,2679
2018-12,VT,22
2018-12,WA,1557
2018-12,WI,464
2018-12,WV,75
2018-12,WY,16
2019-01,AL,1593
2019-01,AR,85
2019-01,AZ,2075
2019-01,CA,12409
2019-01,CO,1753
2019-01,CT,456
2019-01,DC,104
2019-01,DE,138
2019-01,FL,5052
2019-01,GA,2424
2019-01,IA,365
2019-01,ID,52
2019-01,IL,2057
2019-01,IN,760
2019-01,KS,213
2019-01,KY,535
2019-01,LA,1532
2019-01,MA,927
2019-01,MD,1182
2019-01,ME,40
2019-01,MI,2476
2019-01,MN,2362
2019-01,MO,793
2019-01,MS,214
2019-01,MT,27
2019-01,NC,4320
2019-01,NE,502
2019-01,NH,299
2019-01,NJ,1099
2019-01,NM,181
2019-01,NV,290
2019-01,NY,3514
2019-01,OH,1540
2019-01,OK,1982
2019-01,OR,3649
2019-01,PA,1950
2019-01,RI,274
2019-01,SC,4388
2019-01,SD,2
2019-01,TN,1792
2019-01,TX,6755
2019-01,UT,2365
2019-01,VA,2568
2019-01,VT,21
2019-01,WA,1332
2019-01,WI,837
2019-01,WV,51
2019-01,WY,33
2019-02,AL,1530
2019-02,AR,112
2019-02,AZ,1714
2019-02,CA,10748
2019-02,CO,1306
2019-02,CT,442
2019-02,DC,136
2019-02,DE,96
2019-02,FL,4272
2019-02,GA,2262
2019-02,IA,313
2019-02,ID,66
2019-02,IL,1700
2019-02,IN,646
2019-02,KS,226
2019-02,KY,481
2019-02,LA,1460
2019-02,MA,802
2019-02,MD,1186
2019-02,ME,54
2019-02,MI,1766
2019-02,MN,2641
2019-02,MO,1016
2019-02,MS,221
2019-02,MT,43
2019-02,NC,3940
2019-02,ND,8
2019-02,NE,554
2019-02,NH,253
2019-02,NJ,1185
2019-02,NM,159
2019-02,NV,365
2019-02,NY,3810
2019-02,OH,983
2019-02,OK,1670
2019-02,OR,5975
2019-02,PA,1864
2019-02,RI,274
2019-02,SC,3654
2019-02,SD,2
2019-02,TN,1865
2019-02,TX,6037
2019-02,UT,2180
2019-02,VA,2340
2019-02,VT,20
2019-02,WA,1318
2019-02,WI,844
2019-02,WV,72
2019-02,WY,20
2019-03,AL,1806
2019-03,AR,65
2019-03,AZ,1825
2019-03,CA,11663
2019-03,CO,1332
2019-03,CT,461
2019-03,DC,152
2019-03,DE,77
2019-03,FL,4734
2019-03,GA,2038
2019-03,IA,155
2019-03,ID,28
2019-03,IL,1519
2019-03,IN,485
2019-03,KS,156
2019-03,KY,459
2019-03,LA,1650
2019-03,MA,701
2019-03,MD,1081
2019-03,ME,57
2019-03,MI,1472
2019-03,MN,1791
2019-03,MO,791
2019-03,MS,175
2019-03,MT,17
2019-03,NC,4188
2019-03,ND,3
2019-03,NE,409
2019-03,NH,196
2019-03,NJ,1133
2019-03,NM,145
2019-03,NV,213
2019-03,NY,3357
2019-03,OH,947
2019-03,OK,1717
2019-03,OR,3268
2019-03,PA,1705
2019-03,RI,243
2019-03,SC,4143
2019-03,SD,7
2019-03,TN,1652
2019-03,TX,5498
2019-03,UT,1937
2019-03,VA,2265
2019-03,VT,17
2019-03,WA,1164
2019-03,WI,508
2019-03,WV,27
2019-03,WY,5
2019-04,AL,1754
2019-04,AR,107
2019-04,AZ,1881
2019-04,CA,11356
2019-04,CO,1490
2019-04,CT,416
2019-04,DC,156
2019-04,DE,144
2019-04,FL,5248
2019-04,GA,2197
2019-04,IA,162
2019-04,ID,25
2019-04,IL,1667
2019-04,IN,547
2019-04,KS,159
2019-04,KY,461
2019-04,LA,1653
2019-04,MA,727
2019-04,MD,878
2019-04,ME,40
2019-04,MI,1531
2019-04,MN,1509
2019-04,MO,959
2019-04,MS,176
2019-04,MT,11
2019-04,NC,4801
2019-04,NE,362
2019-04,NH,186
2019-04,NJ,1005
2019-04,NM,153
2019-04,NV,158
2019-04,NY,3778
2019-04,OH,1061
2019-04,OK,2191
2019-04,OR,2543
2019-04,PA,1529
2019-04,RI,238
2019-04,SC,4827
2019-04,SD,3
2019-04,TN,2377
2019-04,TX,6726
2019-04,UT,1801
2019-04,VA,2355
2019-04,VT,8
2019-04,WA,1159
2019-04,WI,448
2019-04,WV,50
2019-04,WY,7
2019-05,AL,1627
2019-05,AR,113
2019-05,AZ,1960
2019-05,CA,12443
2019-05,CO,1657
2019-05,CT,458
2019-05,DC,157
2019-05,DE,125
2019-05,FL,5068
2019-05,GA,2351
2019-05,IA,190
2019-05,ID,44
2019-05,IL,1777
2019-05,IN,665
2019-05,KS,162
2019-05,KY,572
2019-05,LA,1654
2019-05,MA,778
2019-05,MD,1020
2019-05,ME,48
2019-05,MI,1847
2019-05,MN,1363
2019-05,MO,860
2019-05,MS,149
2019-05,MT,5
2019-05,NC,3779
2019-05,ND,2
2019-05,NE,426
2019-05,NH,126
2019-05,NJ,1269
2019-05,NM,118
2019-05,NV,230
2019-05,NY,4265
2019-05,OH,942
2019-05,OK,2066
2019-05,OR,2066
2019-05,PA,1600
2019-05,RI,243
2019-05,SC,4975
2019-05,SD,5
2019-05,TN,1838
2019-05,TX,6533
2019-05,UT,2093
2019-05,VA,2387
2019-05,VT,5
2019-05,WA,1235
2019-05,WI,543
2019-05,WV,51
2019-05,WY,8
2019-06,AL,1588
2019-06,AR,104
2019-06,AZ,1849
2019-06,CA,10044
2019-06,CO,1430
2019-06,CT,462
2019-06,DC,149
2019-06,DE,138
2019-06,FL,5073
2019-06,GA,2026
2019-06,IA,164
2019-06,ID,39
2019-06,IL,1536
2019-06,IN,567
2019-06,KS,156
2019-06,KY,581
2019-06,LA,1488
2019-06,MA,644
2019-06,MD,994
2019-06,ME,61
2019-06,MI,1684
2019-06,MN,1362
2019-06,MO,711
2019-06,MS,128
2019-06,MT,6
2019-06,NC,2828
2019-06,NE,389
2019-06,NH,144
2019-06,NJ,1217
2019-06,NM,171
2019-06,NV,224
2019-06,NY,3914
2019-06,OH,772
2019-06,OK,1704
2019-06,OR,2340
2019-06,PA,1512
2019-06,RI,224
2019-06,SC,4449
2019-06,SD,2
2019-06,TN,1614
2019-06,TX,5766
2019-06,UT,1902
2019-06,VA,1819
2019-06,VT,7
2019-06,WA,1052
2019-06,WI,450
2019-06,WV,38
2019-06,WY,3
2019-07,AL,1502
2019-07,AR,81
2019-07,AZ,2215
2019-07,CA,9298
2019-07,CO,1452
2019-07,CT,429
2019-07,DC,147
2019-07,DE,150
2019-07,FL,5167
2019-07,GA,1647
2019-07,IA,203
2019-07,ID,56
2019-07,IL,1362
2019-07,IN,723
2019-07,KS,172
2019-07,KY,549
2019-07,LA,1534
2019-07,MA,727
2019-07,MD,1122
2019-07,ME,80
2019-07,MI,1731
2019-07,MN,1347
2019-07,MO,680
2019-07,MS,132
2019-07,MT,9
2019-07,NC,3507
2019-07,ND,2
2019-07,NE,406
2019-07,NH,175
2019-07,NJ,1143
2019-07,NM,112
2019-07,NV,261
2019-07,NY,3617
2019-07,OH,941
2019-07,OK,1807
2019-07,OR,3474
2019-07,PA,1474
2019-07,RI,275
2019-07,SC,4776
2019-07,SD,2
2019-07,TN,1485
2019-07,TX,6397
2019-07,UT,1854
2019-07,VA,2126
2019-07,VT,27
2019-07,WA,1364
2019-07,WI,454
2019-07,WV,58
2019-07,WY,5
2019-08,AL,1362
2019-08,AR,50
2019-08,AZ,2598
2019-08,CA,13718
2019-08,CO,1563
2019-08,CT,418
2019-08,DC,105
2019-08,DE,130
2019-08,FL,5281
2019-08,GA,1915
2019-08,IA,229
2019-08,ID,50
2019-08,IL,1421
2019-08,IN,817
2019-08,KS,148
2019-08,KY,562
2019-08,LA,1846
2019-08,MA,674
2019-08,MD,1041
2019-08,ME,64
2019-08,MI,1479
2019-08,MN,1501
2019-08,MO,629
2019-08,MS,146
2019-08,MT,5
2019-08,NC,4016
2019-08,NE,286
2019-08,NH,126
2019-08,NJ,1109
2019-08,NM,107
2019-08,NV,301
2019-08,NY,3330
2019-08,OH,1046
2019-08,OK,1968
2019-08,OR,3875
2019-08,PA,1295
2019-08,RI,226
2019-08,SC,4892
2019-08,TN,1624
2019-08,TX,7290
2019-08,UT,2340
2019-08,VA,1946
2019-08,VT,19
2019-08,WA,1173
2019-08,WI,516
2019-08,WV,28
2019-08,WY,4
2019-09,AL,1456
2019-09,AR,65
2019-09,AZ,2372
2019-09,CA,31541
2019-09,CO,1151
2019-09,CT,428
2019-09,DC,101
2019-09,DE,104
2019-09,FL,4564
2019-09,GA,1398
2019-09,IA,217
2019-09,ID,39
2019-09,IL,1267
2019-09,IN,683
2019-09,KS,155
2019-09,KY,636
2019-09,LA,1975
2019-09,MA,769
2019-09,MD,826
2019-09,ME,49
2019-09,MI,1427
2019-09,MN,1434
2019-09,MO,561
2019-09,MS,121
2019-09,MT,7
2019-09,NC,2893
2019-09,NE,252
2019-09,NH,117
2019-09,NJ,965
2019-09,NM,91
2019-09,NV,256
2019-09,NY,3284
2019-09,OH,1035
2019-09,OK,1392
2019-09,OR,3547
2019-09,PA,1431
2019-09,RI,250
2019-09,SC,5028
2019-09,SD,4
2019-09,TN,1561
2019-09,TX,6732
2019-09,UT,1836
2019-09,VA,1701
2019-09,VT,30
2019-09,WA,1270
2019-09,WI,638
2019-09,WV,33
2019-09,WY,7
2019-10,AL,1955
2019-10,AR,96
2019-10,AZ,2322
2019-10,CA,35366
2019-10,CO,1682
2019-10,CT,551
2019-10,DC,111
2019-10,DE,153
2019-10,FL,5780
2019-10,GA,2060
2019-10,IA,295
2019-10,ID,64
2019-10,IL,1873
2019-10,IN,682
2019-10,KS,166
2019-10,KY,806
2019-10,LA,1552
2019-10,MA,927
2019-10,MD,1155
2019-10,ME,57
2019-10,MI,1889
2019-10,MN,4399
2019-10,MO,802
2019-10,MS,198
2019-10,MT,15
2019-10,NC,4799
2019-10,ND,2
2019-10,NE,381
2019-10,NH,178
2019-10,NJ,1096
2019-10,NM,122
2019-10,NV,247
2019-10,NY,3646
2019-10,OH,1366
2019-10,OK,1391
2019-10,OR,3596
2019-10,PA,2091
2019-10,RI,264
2019-10,SC,6198
2019-10,TN,1814
2019-10,TX,8141
2019-10,UT,2287
2019-10,VA,2163
2019-10,VT,21
2019-10,WA,1403
2019-10,WI,703
2019-10,WV,43
2019-10,WY,7
2019-11,AL,1578
2019-11,AR,53
2019-11,AZ,1974
2019-11,CA,19830
2019-11,CO,1549
2019-11,CT,464
2019-11,DC,57
2019-11,DE,200
2019-11,FL,5206
2019-11,GA,1562
2019-11,IA,284
2019-11,ID,33
2019-11,IL,1905
2019-11,IN,529
2019-11,KS,144
2019-11,KY,689
2019-11,LA,1398
2019-11,MA,787
2019-11,MD,864
2019-11,ME,32
2019-11,MI,1722
2019-11,MN,3562
2019-11,MO,640
2019-11,MS,158
2019-11,MT,10
2019-11,NC,3863
2019-11,NE,327
2019-11,NH,145
2019-11,NJ,794
2019-11,NM,129
2019-11,NV,213
2019-11,NY,3316
2019-11,OH,1305
2019-11,OK,1388
2019-11,OR,3200
2019-11,PA,1744
2019-11,RI,243
2019-11,SC,5898
2019-11,TN,1895
2019-11,TX,6769
2019-11,UT,1880
2019-11,VA,1927
2019-11,VT,25
2019-11,WA,1111
2019-11,WI,502
2019-11,WV,11
2019-11,WY,5
2019-12,AL,1487
2019-12,AR,60
2019-12,AZ,1744
2019-12,CA,35039
2019-12,CO,1255
2019-12,CT,472
2019-12,DC,112
2019-12,DE,165
2019-12,FL,4868
2019-12,GA,1838
2019-12,IA,265
2019-12,ID,58
2019-12,IL,1885
2019-12,IN,668
2019-12,KS,138
2019-12,KY,501
2019-12,LA,1238
2019-12,MA,886
2019-12,MD,1113
2019-12,ME,54
2019-12,MI,1336
2019-12,MN,6336
2019-12,MO,691
2019-12,MS,166
2019-12,MT,2
2019-12,NC,3065
2019-12,NE,351
2019-12,NH,274
2019-12,NJ,1003
2019-12,NM,128
2019-12,NV,243
2019-12,NY,3136
2019-12,OH,1297
2019-12,OK,1207
2019-12,OR,3665
2019-12,PA,1905
2019-12,RI,222
2019-12,SC,5769
2019-12,TN,1618
2019-12,TX,6074
2019-12,UT,2286
2019-12,VA,2117
2019-12,VT,25
2019-12,WA,1137
2019-12,WI,446
2019-12,WV,11
2019-12,WY,8
2020-01,AL,1646
2020-01,AR,50
2020-01,AZ,1718
2020-01,CA,29410
2020-01,CO,1232
2020-01,CT,521
2020-01,DC,66
2020-01,DE,157
2020-01,FL,5268
2020-01,GA,1595
2020-01,IA,299
2020-01,ID,75
2020-01,IL,1836
2020-01,IN,630
2020-01,KS,175
2020-01,KY,598
2020-01,LA,1380
2020-01,MA,864
2020-01,MD,799
2020-01,ME,38
2020-01,MI,1633
2020-01,MN,6347
2020-01,MO,640
2020-01,MS,169
2020-01,MT,5
2020-01,NC,2823
2020-01,NE,319
2020-01,NH,199
2020-01,NJ,1164
2020-01,NM,95
2020-01,NV,167
2020-01,NY,3046
2020-01,OH,1137
2020-01,OK,1077
2020-01,OR,4267
2020-01,PA,1859
2020-01,RI,185
2020-01,SC,5038
2020-01,TN,1587
2020-01,TX,5845
2020-01,UT,2179
2020-01,VA,1962
2020-01,VT,22
2020-01,WA,1358
2020-01,WI,518
2020-01,WV,35
2020-01,WY,4
2020-02,AL,1418
2020-02,AR,24
2020-02,AZ,1741
2020-02,CA,28151
2020-02,CO,1507
2020-02,CT,679
2020-02,DC,42
2020-02,DE,201
2020-02,FL,5293
2020-02,GA,1646
2020-02,IA,182
2020-02,ID,56
2020-02,IL,1646
2020-02,IN,501
2020-02,KS,93
2020-02,KY,525
2020-02,LA,1294
2020-02,MA,903
2020-02,MD,689
2020-02,ME,53
2020-02,MI,1371
2020-02,MN,3930
2020-02,MO,560
2020-02,MS,143
2020-02,MT,2
2020-02,NC,2911
2020-02,NE,262
2020-02,NH,199
2020-02,NJ,2605
2020-02,NM,110
2020-02,NV,156
2020-02,NY,3175
2020-02,OH,1122
2020-02,OK,1064
2020-02,OR,3093
2020-02,PA,1519
2020-02,RI,197
2020-02,SC,4512
2020-02,TN,1617
2020-02,TX,5859
2020-02,UT,1857
2020-02,VA,1575
2020-02,VT,26
2020-02,WA,973
2020-02,WI,349
2020-02,WV,17
2020-03,AL,1296
2020-03,AR,49
2020-03,AZ,2522
2020-03,CA,28186
2020-03,CO,1513
2020-03,CT,527
2020-03,DC,153
2020-03,DE,209
2020-03,FL,5737
2020-03,GA,1632
2020-03,IA,156
2020-03,ID,43
2020-03,IL,1507
2020-03,IN,430
2020-03,KS,127
2020-03,KY,449
2020-03,LA,1517
2020-03,MA,933
2020-03,MD,1712
2020-03,ME,19
2020-03,MI,1013
2020-03,MN,2150
2020-03,MO,684
2020-03,MS,78
2020-03,NC,4227
2020-03,NE,206
2020-03,NH,139
2020-03,NJ,1153
2020-03,NM,69
2020-03,NV,241
2020-03,NY,2913
2020-03,OH,1367
2020-03,OK,1259
2020-03,OR,2831
2020-03,PA,2550
2020-03,RI,185
2020-03,SC,4154
2020-03,SD,1
2020-03,TN,1659
2020-03,TX,5006
2020-03,UT,1709
2020-03,VA,2444
2020-03,VT,23
2020-03,WA,977
2020-03,WI,286
2020-03,WV,9
2020-03,WY,4
2020-04,AL,962
2020-04,AR,35
2020-04,AZ,3337
2020-04,CA,21974
2020-04,CO,1798
2020-04,CT,535
2020-04,DC,365
2020-04,DE,300
2020-04,FL,5638
2020-04,GA,1603
2020-04,IA,167
2020-04,ID,26
2020-04,IL,2206
2020-04,IN,495
2020-04,KS,183
2020-04,KY,491
2020-04,LA,1518
2020-04,MA,1169
2020-04,MD,2903
2020-04,ME,17
2020-04,MI,891
2020-04,MN,2054
2020-04,MO,735
2020-04,MS,61
2020-04,NC,4771
2020-04,NE,209
2020-04,NH,106
2020-04,NJ,1375
2020-04,NM,35
2020-04,NV,108
2020-04,NY,4530
2020-04,OH,2121
2020-04,OK,1418
2020-04,OR,2464
2020-04,PA,3735
2020-04,RI,265
2020-04,SC,4445
2020-04,TN,1644
2020-04,TX,4547
2020-04,UT,1206
2020-04,VA,4085
2020-04,VT,10
2020-04,WA,900
2020-04,WI,375
2020-04,WV,29
2020-04,WY,4
2020-05,AL,1341
2020-05,AR,33
2020-05,AZ,3372
2020-05,CA,21312
2020-05,CO,1509
2020-05,CT,404
2020-05,DC,306
2020-05,DE,217
2020-05,FL,5726
2020-05,GA,1709
2020-05,IA,153
2020-05,ID,52
2020-05,IL,2596
2020-05,IN,762
2020-05,KS,221
2020-05,KY,602
2020-05,LA,1512
2020-05,MA,1051
2020-05,MD,2166
2020-05,ME,23
2020-05,MI,1065
2020-05,MN,2139
2020-05,MO,941
2020-05,MS,89
2020-05,NC,3887
2020-05,ND,1
2020-05,NE,228
2020-05,NH,99
2020-05,NJ,1243
2020-05,NM,59
2020-05,NV,210
2020-05,NY,4542
2020-05,OH,2047
2020-05,OK,1906
2020-05,OR,3285
2020-05,PA,3456
2020-05,RI,204
2020-05,SC,3813
2020-05,TN,2353
2020-05,TX,4866
2020-05,UT,1502
2020-05,VA,2969
2020-05,VT,12
2020-05,WA,1270
2020-05,WI,441
2020-05,WV,9
2020-05,WY,2
2020-06,AL,1594
2020-06,AR,72
2020-06,AZ,3574
2020-06,CA,24665
2020-06,CO,2056
2020-06,CT,441
2020-06,DC,235
2020-06,DE,221
2020-06,FL,6606
2020-06,GA,1813
2020-06,IA,173
2020-06,ID,37
2020-06,IL,3524
2020-06,IN,898
2020-06,KS,253
2020-06,KY,766
2020-06,LA,1814
2020-06,MA,1120
2020-06,MD,2004
2020-06,ME,28
2020-06,MI,1328
2020-06,MN,2584
2020-06,MO,1075
2020-06,MS,87
2020-06,MT,3
2020-06,NC,4903
2020-06,NE,245
2020-06,NH,178
2020-06,NJ,1594
2020-06,NM,136
2020-06,NV,260
2020-06,NY,4869
2020-06,OH,2484
2020-06,OK,2000
2020-06,OR,3428
2020-06,PA,3314
2020-06,RI,237
2020-06,SC,4633
2020-06,TN,2758
2020-06,TX,5121
2020-06,UT,1911
2020-06,VA,3090
2020-06,VT,25
2020-06,WA,1735
2020-06,WI,569
2020-06,WV,8
2020-06,WY,2
2020-07,AL,1088
2020-07,AR,13
2020-07,AZ,1055
2020-07,CA,5208
2020-07,CO,621
2020-07,CT,195
2020-07,DC,8
2020-07,DE,129
2020-07,FL,3313
2020-07,GA,1067
2020-07,IA,131
2020-07,ID,2
2020-07,IL,1074
2020-07,IN,272
2020-07,KS,110
2020-07,KY,243
2020-07,LA,1147
2020-07,MA,651
2020-07,MD,403
2020-07,ME,2
2020-07,MI,629
2020-07,MN,760
2020-07,MO,548
2020-07,MS,103
2020-07,NC,1635
2020-07,NE,133
2020-07,NH,78
2020-07,NJ,355
2020-07,NM,74
2020-07,NV,165
2020-07,NY,1256
2020-07,OH,646
2020-07,OK,846
2020-07,OR,242
2020-07,PA,1123
2020-07,RI,140
2020-07,SC,2981
2020-07,TN,1531
2020-07,TX,3004
2020-07,UT,464
2020-07,VA,964
2020-07,VT,12
2020-07,WA,560
2020-07,WI,243
2020-07,WV,4
2020-07,WY,1
2020-08,AL,1109
2020-08,AR,33
2020-08,AZ,777
2020-08,CA,5922
2020-08,CO,591
2020-08,CT,199
2020-08,DC,27
2020-08,DE,124
2020-08,FL,3412
2020-08,GA,1052
2020-08,IA,126
2020-08,ID,3
2020-08,IL,1162
2020-08,IN,269
2020-08,KS,73
2020-08,KY,274
2020-08,LA,1097
2020-08,MA,737
2020-08,MD,484
2020-08,ME,2
2020-08,MI,637
2020-08,MN,694
2020-08,MO,388
2020-08,MS,96
2020-08,NC,1811
2020-08,NE,135
2020-08,NH,97
2020-08,NJ,448
2020-08,NM,84
2020-08,NV,181
2020-08,NY,1606
2020-08,OH,657
2020-08,OK,936
2020-08,OR,283
2020-08,PA,1045
2020-08,RI,151
2020-08,SC,3271
2020-08,TN,1631
2020-08,TX,3179
2020-08,UT,441
2020-08,VA,1201
2020-08,VT,11
2020-08,WA,636
2020-08,WI,211
2020-08,WV,14
2020-08,WY,3
2020-09,AL,1652
2020-09,AR,361
2020-09,AZ,1668
2020-09,CA,13272
2020-09,CO,768
2020-09,CT,1065
2020-09,DC,262
2020-09,DE,186
2020-09,FL,14267
2020-09,GA,2224
2020-09,IA,259
2020-09,ID,158
2020-09,IL,1634
2020-09,IN,583
2020-09,KS,219
2020-09,KY,311
2020-09,LA,2281
2020-09,MA,806
2020-09,MD,1973
2020-09,ME,2
2020-09,MI,1246
2020-09,MN,1932
2020-09,MO,725
2020-09,MS,192
2020-09,MT,119
2020-09,NC,3440
2020-09,ND,4
2020-09,NE,156
2020-09,NH,67
2020-09,NJ,1521
2020-09,NM,102
2020-09,NV,228
2020-09,NY,3961
2020-09,OH,1017
2020-09,OK,863
2020-09,OR,2083
2020-09,PA,3110
2020-09,RI,222
2020-09,SC,5426
2020-09,SD,90
2020-09,TN,2766
2020-09,TX,5479
2020-09,UT,714
2020-09,VA,4188
2020-09,VT,8
2020-09,WA,919
2020-09,WI,206
2020-09,WV,103
2020-10,AL,2409
2020-10,AR,686
2020-10,AZ,2687
2020-10,CA,22452
2020-10,CO,897
2020-10,CT,1645
2020-10,DC,438
2020-10,DE,238
2020-10,FL,21278
2020-10,GA,2653
2020-10,IA,486
2020-10,ID,477
2020-10,IL,2887
2020-10,IN,968
2020-10,KS,294
2020-10,KY,434
2020-10,LA,3633
2020-10,MA,935
2020-10,MD,3293
2020-10,ME,28
2020-10,MI,1768
2020-10,MN,4439
2020-10,MO,1363
2020-10,MS,294
2020-10,MT,681
2020-10,NC,4995
2020-10,ND,53
2020-10,NE,230
2020-10,NH,127
2020-10,NJ,2377
2020-10,NM,259
2020-10,NV,286
2020-10,NY,5809
2020-10,OH,1445
2020-10,OK,673
2020-10,OR,2703
2020-10,PA,5366
2020-10,RI,216
2020-10,SC,7547
2020-10,SD,65
2020-10,TN,3865
2020-10,TX,7796
2020-10,UT,1203
2020-10,VA,6821
2020-10,VT,16
2020-10,WA,1194
2020-10,WI,257
2020-10,WV,207
2020-10,WY,6
2020-11,AL,2892
2020-11,AR,874
2020-11,AZ,3636
2020-11,CA,43041
2020-11,CO,684
2020-11,CT,1662
2020-11,DC,378
2020-11,DE,243
2020-11,FL,25679
2020-11,GA,3325
2020-11,IA,538
2020-11,ID,610
2020-11,IL,2496
2020-11,IN,928
2020-11,KS,440
2020-11,KY,469
2020-11,LA,4564
2020-11,MA,972
2020-11,MD,3734
2020-11,ME,28
2020-11,MI,2222
2020-11,MN,4238
2020-11,MO,1413
2020-11,MS,344
2020-11,MT,806
2020-11,NC,6564
2020-11,ND,164
2020-11,NE,127
2020-11,NH,104
2020-11,NJ,2426
2020-11,NM,168
2020-11,NV,197
2020-11,NY,6610
2020-11,OH,1422
2020-11,OK,793
2020-11,OR,4660
2020-11,PA,7934
2020-11,RI,179
2020-11,SC,8873
2020-11,SD,3
2020-11,TN,3591
2020-11,TX,11377
2020-11,UT,1359
2020-11,VA,7616
2020-11,VT,7
2020-11,WA,1285
2020-11,WI,246
2020-11,WV,312
2020-11,WY,1
2020-12,AL,2778
2020-12,AR,860
2020-12,AZ,3448
2020-12,CA,41939
2020-12,CO,713
2020-12,CT,1468
2020-12,DC,352
2020-12,DE,253
2020-12,FL,28145
2020-12,GA,3108
2020-12,IA,979
2020-12,ID,780
2020-12,IL,2439
2020-12,IN,1070
2020-12,KS,456
2020-12,KY,406
2020-12,LA,4585
2020-12,MA,960
2020-12,MD,4191
2020-12,ME,41
2020-12,MI,1960
2020-12,MN,7926
2020-12,MO,1300
2020-12,MS,363
2020-12,MT,834
2020-12,NC,6666
2020-12,ND,177
2020-12,NE,243
2020-12,NH,103
2020-12,NJ,2329
2020-12,NM,245
2020-12,NV,243
2020-12,NY,6488
2020-12,OH,1775
2020-12,OK,755
2020-12,OR,5113
2020-12,PA,8178
2020-12,RI,206
2020-12,SC,8096
2020-12,SD,1
2020-12,TN,3461
2020-12,TX,11409
2020-12,UT,1647
2020-12,VA,7888
2020-12,VT,14
2020-12,WA,1404
2020-12,WI,232
2020-12,WV,424
2020-12,WY,2
2021-01,AL,2377
2021-01,AR,709
2021-01,AZ,3333
2021-01,CA,38548
2021-01,CO,678
2021-01,CT,1121
2021-01,DC,317
2021-01,DE,185
2021-01,FL,23261
2021-01,GA,1272
2021-01,IA,1193
2021-01,ID,471
2021-01,IL,2805
2021-01,IN,1157
2021-01,KS,385
2021-01,KY,362
2021-01,LA,3709
2021-01,MA,738
2021-01,MD,3270
2021-01,ME,24
2021-01,MI,2247
2021-01,MN,5279
2021-01,MO,1496
2021-01,MS,313
2021-01,MT,637
2021-01,NC,5591
2021-01,ND,146
2021-01,NE,334
2021-01,NH,94
2021-01,NJ,1640
2021-01,NM,171
2021-01,NV,406
2021-01,NY,5471
2021-01,OH,720
2021-01,OK,628
2021-01,OR,4968
2021-01,PA,7180
2021-01,RI,141
2021-01,SC,7134
2021-01,TN,3308
2021-01,TX,10133
2021-01,UT,1406
2021-01,VA,5665
2021-01,VT,11
2021-01,WA,1212
2021-01,WI,359
2021-01,WV,308
2021-01,WY,1
2021-02,AL,1906
2021-02,AR,713
2021-02,AZ,2579
2021-02,CA,34781
2021-02,CO,708
2021-02,CT,1007
2021-02,DC,322
2021-02,DE,203
2021-02,FL,22232
2021-02,GA,936
2021-02,IA,1555
2021-02,ID,695
2021-02,IL,3726
2021-02,IN,1610
2021-02,KS,679
2021-02,KY,488
2021-02,LA,3335
2021-02,MA,830
2021-02,MD,4040
2021-02,ME,26
2021-02,MI,3227
2021-02,MN,7422
2021-02,MO,2164
2021-02,MS,447
2021-02,MT,1058
2021-02,NC,5386
2021-02,ND,102
2021-02,NE,363
2021-02,NH,141
2021-02,NJ,2373
2021-02,NM,167
2021-02,NV,264
2021-02,NY,5900
2021-02,OH,839
2021-02,OK,585
2021-02,OR,5964
2021-02,PA,7724
2021-02,RI,191
2021-02,SC,7432
2021-02,SD,8
2021-02,TN,3463
2021-02,TX,8049
2021-02,UT,1415
2021-02,VA,5915
2021-02,VT,16
2021-02,WA,1205
2021-02,WI,369
2021-02,WV,374
2021-02,WY,1
2021-03,AL,1726
2021-03,AR,492
2021-03,AZ,2329
2021-03,CA,20157
2021-03,CO,722
2021-03,CT,652
2021-03,DC,204
2021-03,DE,258
2021-03,FL,13896
2021-03,GA,952
2021-03,IA,279
2021-03,ID,397
2021-03,IL,1942
2021-03,IN,823
2021-03,KS,220
2021-03,KY,344
2021-03,LA,1993
2021-03,MA,861
2021-03,MD,1702
2021-03,ME,18
2021-03,MI,1178
2021-03,MN,2235
2021-03,MO,888
2021-03,MS,216
2021-03,MT,293
2021-03,NC,3979
2021-03,ND,88
2021-03,NE,132
2021-03,NH,80
2021-03,NJ,1239
2021-03,NM,222
2021-03,NV,215
2021-03,NY,3003
2021-03,OH,837
2021-03,OK,737
2021-03,OR,1907
2021-03,PA,3955
2021-03,RI,148
2021-03,SC,4930
2021-03,TN,2675
2021-03,TX,5924
2021-03,UT,1034
2021-03,VA,3544
2021-03,VT,4
2021-03,WA,843
2021-03,WI,163
2021-03,WV,206
2021-03,WY,1
2021-04,AL,2006
2021-04,AR,608
2021-04,AZ,2441
2021-04,CA,19415
2021-04,CO,625
2021-04,CT,892
2021-04,DC,265
2021-04,DE,217
2021-04,FL,12692
2021-04,GA,1144
2021-04,IA,242
2021-04,ID,513
2021-04,IL,2087
2021-04,IN,860
2021-04,KS,114
2021-04,KY,338
2021-04,LA,2168
2021-04,MA,798
2021-04,MD,1787
2021-04,ME,16
2021-04,MI,1267
2021-04,MN,1911
2021-04,MO,812
2021-04,MS,189
2021-04,MT,203
2021-04,NC,4072
2021-04,ND,69
2021-04,NE,127
2021-04,NH,58
2021-04,NJ,1455
2021-04,NM,205
2021-04,NV,256
2021-04,NY,3622
2021-04,OH,1140
2021-04,OK,715
2021-04,OR,1589
2021-04,PA,3923
2021-04,RI,163
2021-04,SC,4793
2021-04,TN,2476
2021-04,TX,6505
2021-04,UT,1034
2021-04,VA,3865
2021-04,VT,2
2021-04,WA,814
2021-04,WI,152
2021-04,WV,241
2021-04,WY,2
2021-05,AL,2002
2021-05,AR,590
2021-05,AZ,2470
2021-05,CA,20799
2021-05,CO,596
2021-05,CT,1043
2021-05,DC,206
2021-05,DE,282
2021-05,FL,13169
2021-05,GA,1101
2021-05,IA,365
2021-05,ID,440
2021-05,IL,2973
2021-05,IN,871
2021-05,KS,136
2021-05,KY,348
2021-05,LA,2441
2021-05,MA,948
2021-05,MD,2016
2021-05,ME,22
2021-05,MI,1517
2021-05,MN,2853
2021-05,MO,841
2021-05,MS,242
2021-05,MT,14
2021-05,NC,4484
2021-05,ND,88
2021-05,NE,145
2021-05,NH,84
2021-05,NJ,1893
2021-05,NM,213
2021-05,NV,268
2021-05,NY,4386
2021-05,OH,1179
2021-05,OK,577
2021-05,OR,1735
2021-05,PA,4636
2021-05,RI,198
2021-05,SC,5504
2021-05,SD,1
2021-05,TN,2621
2021-05,TX,8021
2021-05,UT,1466
2021-05,VA,4581
2021-05,VT,6
2021-05,WA,894
2021-05,WI,230
2021-05,WV,237
2021-06,AL,2144
2021-06,AR,800
2021-06,AZ,2580
2021-06,CA,28855
2021-06,CO,710
2021-06,CT,1657
2021-06,DC,375
2021-06,DE,467
2021-06,FL,18875
2021-06,GA,1051
2021-06,IA,496
2021-06,ID,483
2021-06,IL,2777
2021-06,IN,1278
2021-06,KS,333
2021-06,KY,439
2021-06,LA,2767
2021-06,MA,986
2021-06,MD,2916
2021-06,ME,13
2021-06,MI,1836
2021-06,MN,3466
2021-06,MO,1277
2021-06,MS,258
2021-06,MT,11
2021-06,NC,5605
2021-06,ND,114
2021-06,NE,280
2021-06,NH,92
2021-06,NJ,2254
2021-06,NM,233
2021-06,NV,354
2021-06,NY,5260
2021-06,OH,1428
2021-06,OK,519
2021-06,OR,2956
2021-06,PA,6077
2021-06,RI,244
2021-06,SC,7313
2021-06,SD,1
2021-06,TN,2836
2021-06,TX,9420
2021-06,UT,1987
2021-06,VA,5959
2021-06,VT,12
2021-06,WA,1066
2021-06,WI,238
2021-06,WV,370
2021-06,WY,4
2021-07,AL,1742
2021-07,AR,510
2021-07,AZ,2134
2021-07,CA,25820
2021-07,CO,675
2021-07,CT,1465
2021-07,DC,439
2021-07,DE,464
2021-07,FL,15681
2021-07,GA,925
2021-07,IA,418
2021-07,ID,161
2021-07,IL,2231
2021-07,IN,1214
2021-07,KS,220
2021-07,KY,388
2021-07,LA,2372
2021-07,MA,831
2021-07,MD,2452
2021-07,ME,23
2021-07,MI,1685
2021-07,MN,2284
2021-07,MO,1106
2021-07,MS,290
2021-07,MT,167
2021-07,NC,5011
2021-07,ND,141
2021-07,NE,217
2021-07,NH,80
2021-07,NJ,2280
2021-07,NM,215
2021-07,NV,306
2021-07,NY,4447
2021-07,OH,1122
2021-07,OK,531
2021-07,OR,2608
2021-07,PA,5005
2021-07,RI,182
2021-07,SC,6079
2021-07,TN,2962
2021-07,TX,8112
2021-07,UT,1615
2021-07,VA,5169
2021-07,VT,6
2021-07,WA,1041
2021-07,WI,162
2021-07,WV,345
2021-08,AL,1700
2021-08,AR,530
2021-08,AZ,2416
2021-08,CA,26280
2021-08,CO,690
2021-08,CT,1489
2021-08,DC,444
2021-08,DE,418
2021-08,FL,17227
2021-08,GA,1962
2021-08,IA,383
2021-08,ID,245
2021-08,IL,2104
2021-08,IN,1157
2021-08,KS,335
2021-08,KY,436
2021-08,LA,2713
2021-08,MA,948
2021-08,MD,2618
2021-08,ME,26
2021-08,MI,1909
2021-08,MN,2469
2021-08,MO,1137
2021-08,MS,231
2021-08,MT,749
2021-08,NC,4913
2021-08,ND,132
2021-08,NE,140
2021-08,NH,68
2021-08,NJ,2321
2021-08,NM,219
2021-08,NV,288
2021-08,NY,4215
2021-08,OH,1302
2021-08,OK,739
2021-08,OR,2391
2021-08,PA,5785
2021-08,RI,226
2021-08,SC,6020
2021-08,SD,1
2021-08,TN,3122
2021-08,TX,9365
2021-08,UT,1765
2021-08,VA,5605
2021-08,VT,9
2021-08,WA,1120
2021-08,WI,214
2021-08,WV,289
2021-08,WY,3
2021-09,AL,1914
2021-09,AR,607
2021-09,AZ,2894
2021-09,CA,29531
2021-09,CO,816
2021-09,CT,1622
2021-09,DC,617
2021-09,DE,348
2021-09,FL,21871
2021-09,GA,2410
2021-09,IA,422
2021-09,ID,268
2021-09,IL,2409
2021-09,IN,1325
2021-09,KS,336
2021-09,KY,529
2021-09,LA,3084
2021-09,MA,1142
2021-09,MD,2940
2021-09,ME,29
2021-09,MI,2115
2021-09,MN,2643
2021-09,MO,1424
2021-09,MS,311
2021-09,MT,878
2021-09,NC,5459
2021-09,ND,95
2021-09,NE,142
2021-09,NH,81
2021-09,NJ,2266
2021-09,NM,171
2021-09,NV,362
2021-09,NY,4134
2021-09,OH,1391
2021-09,OK,832
2021-09,OR,2657
2021-09,PA,5921
2021-09,RI,265
2021-09,SC,6898
2021-09,SD,1
2021-09,TN,3341
2021-09,TX,9253
2021-09,UT,1458
2021-09,VA,5713
2021-09,VT,17
2021-09,WA,1290
2021-09,WI,256
2021-09,WV,322
2021-09,WY,64
2021-10,AL,1658
2021-10,AR,435
2021-10,AZ,2827
2021-10,CA,29433
2021-10,CO,1451
2021-10,CT,1725
2021-10,DC,473
2021-10,DE,340
2021-10,FL,22999
2021-10,GA,2325
2021-10,IA,396
2021-10,ID,197
2021-10,IL,2088
2021-10,IN,1064
2021-10,KS,330
2021-10,KY,425
2021-10,LA,2605
2021-10,MA,1045
2021-10,MD,2651
2021-10,ME,12
2021-10,MI,2049
2021-10,MN,2700
2021-10,MO,1392
2021-10,MS,237
2021-10,MT,861
2021-10,NC,5530
2021-10,ND,109
2021-10,NE,139
2021-10,NH,79
2021-10,NJ,2281
2021-10,NM,163
2021-10,NV,324
2021-10,NY,4268
2021-10,OH,1269
2021-10,OK,863
2021-10,OR,2479
2021-10,PA,6014
2021-10,RI,193
2021-10,SC,6852
2021-10,SD,2
2021-10,TN,3570
2021-10,TX,8338
2021-10,UT,1739
2021-10,VA,6014
2021-10,VT,9
2021-10,WA,1596
2021-10,WI,215
2021-10,WV,328
2021-10,WY,195
2021-11,AL,2178
2021-11,AR,716
2021-11,AZ,3257
2021-11,CA,30467
2021-11,CO,1488
2021-11,CT,1722
2021-11,DC,519
2021-11,DE,432
2021-11,FL,28334
2021-11,GA,3175
2021-11,IA,398
2021-11,ID,261
2021-11,IL,1638
2021-11,IN,1058
2021-11,KS,530
2021-11,KY,357
2021-11,LA,3225
2021-11,MA,1250
2021-11,MD,3139
2021-11,ME,20
2021-11,MI,2457
2021-11,MN,3162
2021-11,MO,1473
2021-11,MS,332
2021-11,MT,1433
2021-11,NC,7583
2021-11,ND,242
2021-11,NE,117
2021-11,NH,131
2021-11,NJ,2441
2021-11,NM,160
2021-11,NV,347
2021-11,NY,5392
2021-11,OH,1483
2021-11,OK,1268
2021-11,OR,2928
2021-11,PA,7611
2021-11,RI,292
2021-11,SC,7987
2021-11,SD,1
2021-11,TN,4304
2021-11,TX,9921
2021-11,UT,1705
2021-11,VA,7883
2021-11,VT,9
2021-11,WA,2169
2021-11,WI,347
2021-11,WV,340
2021-11,WY,47
2021-12,AL,2157
2021-12,AR,674
2021-12,AZ,3815
2021-12,CA,37790
2021-12,CO,2417
2021-12,CT,1777
2021-12,DC,504
2021-12,DE,327
2021-12,FL,30371
2021-12,GA,3298
2021-12,IA,804
2021-12,ID,632
2021-12,IL,1674
2021-12,IN,959
2021-12,KS,352
2021-12,KY,311
2021-12,LA,3587
2021-12,MA,1087
2021-12,MD,2622
2021-12,ME,14
2021-12,MI,2191
2021-12,MN,6329
2021-12,MO,1652
2021-12,MS,375
2021-12,MT,3012
2021-12,NC,8137
2021-12,ND,203
2021-12,NE,165
2021-12,NH,140
2021-12,NJ,2650
2021-12,NM,205
2021-12,NV,863
2021-12,NY,5372
2021-12,OH,1520
2021-12,OK,1200
2021-12,OR,6049
2021-12,PA,7689
2021-12,RI,182
2021-12,SC,8709
2021-12,SD,17
2021-12,TN,4553
2021-12,TX,8789
2021-12,UT,2997
2021-12,VA,7855
2021-12,VT,16
2021-12,WA,2843
2021-12,WI,325
2021-12,WV,442
2021-12,WY,426
2022-01,AL,1778
2022-01,AR,668
2022-01,AZ,3104
2022-01,CA,25163
2022-01,CO,1676
2022-01,CT,1453
2022-01,DC,365
2022-01,DE,245
2022-01,FL,24747
2022-01,GA,2607
2022-01,IA,620
2022-01,ID,249
2022-01,IL,1746
2022-01,IN,1264
2022-01,KS,410
2022-01,KY,218
2022-01,LA,2615
2022-01,MA,766
2022-01,MD,2657
2022-01,ME,16
2022-01,MI,2105
2022-01,MN,4468
2022-01,MO,1227
2022-01,MS,312
2022-01,MT,1278
2022-01,NC,6079
2022-01,ND,310
2022-01,NE,82
2022-01,NH,143
2022-01,NJ,3081
2022-01,NM,133
2022-01,NV,251
2022-01,NY,4973
2022-01,OH,1364
2022-01,OK,794
2022-01,OR,3178
2022-01,PA,7667
2022-01,RI,124
2022-01,SC,6347
2022-01,SD,2
2022-01,TN,3029
2022-01,TX,6431
2022-01,UT,1333
2022-01,VA,6943
2022-01,VT,5
2022-01,WA,1098
2022-01,WI,113
2022-01,WV,411
2022-01,WY,252
2022-02,AL,2107
2022-02,AR,1211
2022-02,AZ,3667
2022-02,CA,34175
2022-02,CO,2002
2022-02,CT,1710
2022-02,DC,574
2022-02,DE,348
2022-02,FL,29310
2022-02,GA,2902
2022-02,IA,428
2022-02,ID,249
2022-02,IL,2042
2022-02,IN,1770
2022-02,KS,962
2022-02,KY,279
2022-02,LA,3703
2022-02,MA,1076
2022-02,MD,2877
2022-02,ME,8
2022-02,MI,3119
2022-02,MN,4624
2022-02,MO,2816
2022-02,MS,323
2022-02,MT,1481
2022-02,NC,6921
2022-02,ND,90
2022-02,NE,112
2022-02,NH,78
2022-02,NJ,3141
2022-02,NM,257
2022-02,NV,402
2022-02,NY,5861
2022-02,OH,1464
2022-02,OK,845
2022-02,OR,2319
2022-02,PA,7396
2022-02,RI,261
2022-02,SC,7373
2022-02,SD,5
2022-02,TN,3792
2022-02,TX,8435
2022-02,UT,1876
2022-02,VA,7271
2022-02,VT,8
2022-02,WA,1439
2022-02,WI,131
2022-02,WV,351
2022-02,WY,248
2022-03,AL,2208
2022-03,AR,806
2022-03,AZ,3438
2022-03,CA,30145
2022-03,CO,2104
2022-03,CT,1352
2022-03,DC,517
2022-03,DE,224
2022-03,FL,26607
2022-03,GA,2686
2022-03,IA,384
2022-03,ID,139
2022-03,IL,1332
2022-03,IN,1090
2022-03,KS,662
2022-03,KY,252
2022-03,LA,3111
2022-03,MA,642
2022-03,MD,2791
2022-03,ME,7
2022-03,MI,1983
2022-03,MN,2089
2022-03,MO,1828
2022-03,MS,374
2022-03,MT,981
2022-03,NC,6807
2022-03,ND,109
2022-03,NE,193
2022-03,NH,57
2022-03,NJ,2645
2022-03,NM,117
2022-03,NV,345
2022-03,NY,4385
2022-03,OH,1135
2022-03,OK,888
2022-03,OR,1436
2022-03,PA,6310
2022-03,RI,135
2022-03,SC,6757
2022-03,TN,3498
2022-03,TX,6903
2022-03,UT,1484
2022-03,VA,7077
2022-03,VT,9
2022-03,WA,1278
2022-03,WI,101
2022-03,WV,463
2022-03,WY,261
2022-04,AL,2621
2022-04,AR,726
2022-04,AZ,5548
2022-04,CA,43940
2022-04,CO,1956
2022-04,CT,2037
2022-04,DC,767
2022-04,DE,345
2022-04,FL,38648
2022-04,GA,3388
2022-04,IA,485
2022-04,ID,304
2022-04,IL,1831
2022-04,IN,1199
2022-04,KS,456
2022-04,KY,295
2022-04,LA,4046
2022-04,MA,684
2022-04,MD,4046
2022-04,ME,5
2022-04,MI,3057
2022-04,MN,3482
2022-04,MO,1874
2022-04,MS,457
2022-04,MT,2149
2022-04,NC,8491
2022-04,NE,169
2022-04,NH,39
2022-04,NJ,3433
2022-04,NM,117
2022-04,NV,534
2022-04,NY,6925
2022-04,OH,1604
2022-04,OK,1144
2022-04,OR,3070
2022-04,PA,7422
2022-04,RI,183
2022-04,SC,9495
2022-04,SD,4
2022-04,TN,4676
2022-04,TX,9463
2022-04,UT,1773
2022-04,VA,10607
2022-04,VT,4
2022-04,WA,1731
2022-04,WI,864
2022-04,WV,427
2022-04,WY,166
2022-05,AL,1954
2022-05,AR,633
2022-05,AZ,3803
2022-05,CA,32271
2022-05,CO,1453
2022-05,CT,1677
2022-05,DC,669
2022-05,DE,311
2022-05,FL,31641
2022-05,GA,2696
2022-05,IA,338
2022-05,ID,116
2022-05,IL,1654
2022-05,IN,1142
2022-05,KS,602
2022-05,KY,245
2022-05,LA,3316
2022-05,MA,611
2022-05,MD,3027
2022-05,ME,9
2022-05,MI,2685
2022-05,MN,2214
2022-05,MO,1778
2022-05,MS,281
2022-05,MT,352
2022-05,NC,7751
2022-05,ND,54
2022-05,NE,158
2022-05,NH,44
2022-05,NJ,4605
2022-05,NM,71
2022-05,NV,387
2022-05,NY,10143
2022-05,OH,1405
2022-05,OK,1015
2022-05,OR,1388
2022-05,PA,6115
2022-05,RI,140
2022-05,SC,7632
2022-05,TN,3922
2022-05,TX,7349
2022-05,UT,1341
2022-05,VA,7980
2022-05,VT,1
2022-05,WA,1437
2022-05,WI,729
2022-05,WV,362
2022-05,WY,59
2022-06,AL,1792
2022-06,AR,641
2022-06,AZ,2200
2022-06,CA,27626
2022-06,CO,1477
2022-06,CT,1893
2022-06,DC,545
2022-06,DE,275
2022-06,FL,16610
2022-06,GA,2441
2022-06,IA,342
2022-06,ID,219
2022-06,IL,2359
2022-06,IN,1131
2022-06,KS,446
2022-06,KY,240
2022-06,LA,2295
2022-06,MA,751
2022-06,MD,2671
2022-06,ME,20
2022-06,MI,2347
2022-06,MN,2155
2022-06,MO,1562
2022-06,MS,213
2022-06,MT,560
2022-06,NC,5240
2022-06,ND,51
2022-06,NE,101
2022-06,NH,62
2022-06,NJ,4008
2022-06,NM,155
2022-06,NV,343
2022-06,NY,9699
2022-06,OH,1152
2022-06,OK,659
2022-06,OR,1987
2022-06,PA,5720
2022-06,RI,167
2022-06,SC,6533
2022-06,TN,2655
2022-06,TX,6206
2022-06,UT,1369
2022-06,VA,7701
2022-06,VT,4
2022-06,WA,1345
2022-06,WI,865
2022-06,WV,358
2022-06,WY,73
2022-07,AL,2052
2022-07,AR,633
2022-07,AZ,2691
2022-07,CA,30219
2022-07,CO,1899
2022-07,CT,1973
2022-07,DC,492
2022-07,DE,317
2022-07,FL,15599
2022-07,GA,2841
2022-07,IA,366
2022-07,ID,137
2022-07,IL,3045
2022-07,IN,1391
2022-07,KS,461
2022-07,KY,489
2022-07,LA,2514
2022-07,MA,572
2022-07,MD,3094
2022-07,ME,14
2022-07,MI,2386
2022-07,MN,2248
2022-07,MO,1503
2022-07,MS,325
2022-07,MT,612
2022-07,NC,5349
2022-07,ND,81
2022-07,NE,156
2022-07,NH,28
2022-07,NJ,4465
2022-07,NM,119
2022-07,NV,351
2022-07,NY,10276
2022-07,OH,1462
2022-07,OK,757
2022-07,OR,2491
2022-07,PA,6341
2022-07,RI,161
2022-07,SC,7160
2022-07,TN,3237
2022-07,TX,7585
2022-07,UT,1312
2022-07,VA,8565
2022-07,VT,2
2022-07,WA,1494
2022-07,WI,889
2022-07,WV,456
2022-07,WY,62
2022-08,AL,2075
2022-08,AR,835
2022-08,AZ,3361
2022-08,CA,34647
2022-08,CO,1798
2022-08,CT,1831
2022-08,DC,451
2022-08,DE,243
2022-08,FL,17174
2022-08,GA,2919
2022-08,IA,393
2022-08,ID,203
2022-08,IL,3119
2022-08,IN,1308
2022-08,KS,493
2022-08,KY,404
2022-08,LA,2985
2022-08,MA,683
2022-08,MD,3137
2022-08,ME,25
2022-08,MI,2563
2022-08,MN,2436
2022-08,MO,1609
2022-08,MS,387
2022-08,MT,707
2022-08,NC,5848
2022-08,ND,79
2022-08,NE,138
2022-08,NH,42
2022-08,NJ,4365
2022-08,NM,113
2022-08,NV,412
2022-08,NY,11163
2022-08,OH,1439
2022-08,OK,794
2022-08,OR,2192
2022-08,PA,6808
2022-08,RI,166
2022-08,SC,7953
2022-08,SD,19
2022-08,TN,3947
2022-08,TX,8453
2022-08,UT,1322
2022-08,VA,8492
2022-08,VT,5
2022-08,WA,1357
2022-08,WI,950
2022-08,WV,403
2022-08,WY,115
2022-09,AL,1092
2022-09,AR,825
2022-09,AZ,2773
2022-09,CA,30773
2022-09,CO,1570
2022-09,CT,1853
2022-09,DC,619
2022-09,DE,280
2022-09,FL,16218
2022-09,GA,2241
2022-09,IA,319
2022-09,ID,166
2022-09,IL,2202
2022-09,IN,1045
2022-09,KS,443
2022-09,KY,66
2022-09,LA,2471
2022-09,MA,265
2022-09,MD,2951
2022-09,ME,5
2022-09,MI,2322
2022-09,MN,2410
2022-09,MO,1567
2022-09,MS,271
2022-09,MT,584
2022-09,NC,5551
2022-09,ND,87
2022-09,NE,98
2022-09,NH,14
2022-09,NJ,4356
2022-09,NM,110
2022-09,NV,302
2022-09,NY,11813
2022-09,OH,329
2022-09,OK,586
2022-09,OR,2376
2022-09,PA,6392
2022-09,RI,108
2022-09,SC,6661
2022-09,TN,2747
2022-09,TX,9900
2022-09,UT,1336
2022-09,VA,8395
2022-09,WA,1294
2022-09,WI,739
2022-09,WV,426
2022-09,WY,65
2022-10,AL,576
2022-10,AR,514
2022-10,AZ,1753
2022-10,CA,17889
2022-10,CO,945
2022-10,CT,1089
2022-10,DC,420
2022-10,DE,160
2022-10,FL,10050
2022-10,GA,1479
2022-10,IA,146
2022-10,ID,124
2022-10,IL,1042
2022-10,IN,581
2022-10,KS,332
2022-10,KY,17
2022-10,LA,1426
2022-10,MA,44
2022-10,MD,2304
2022-10,MI,1230
2022-10,MN,1132
2022-10,MO,885
2022-10,MS,122
2022-10,MT,334
2022-10,NC,2695
2022-10,ND,41
2022-10,NE,50
2022-10,NJ,3065
2022-10,NM,56
2022-10,NV,137
2022-10,NY,7919
2022-10,OH,1438
2022-10,OK,343
2022-10,OR,1316
2022-10,PA,3870
2022-10,RI,26
2022-10,SC,4418
2022-10,SD,2
2022-10,TN,1500
2022-10,TX,5708
2022-10,UT,639
2022-10,VA,5816
2022-10,WA,591
2022-10,WI,468
2022-10,WV,401
2022-10,WY,42
2022-11,AL,762
2022-11,AR,872
2022-11,AZ,3066
2022-11,CA,29446
2022-11,CO,1497
2022-11,CT,1685
2022-11,DC,701
2022-11,DE,158
2022-11,FL,15247
2022-11,GA,2032
2022-11,IA,317
2022-11,ID,172
2022-11,IL,1760
2022-11,IN,987
2022-11,KS,554
2022-11,KY,107
2022-11,LA,2189
2022-11,MA,92
2022-11,MD,3279
2022-11,MI,2255
2022-11,MN,3043
2022-11,MO,1393
2022-11,MS,152
2022-11,MT,2006
2022-11,NC,4663
2022-11,ND,121
2022-11,NE,93
2022-11,NJ,2228
2022-11,NM,68
2022-11,NV,360
2022-11,NY,4950
2022-11,OH,5849
2022-11,OK,445
2022-11,OR,2959
2022-11,PA,6812
2022-11,RI,45
2022-11,SC,5388
2022-11,TN,2352
2022-11,TX,7868
2022-11,UT,1351
2022-11,VA,8733
2022-11,WA,939
2022-11,WI,940
2022-11,WV,646
2022-11,WY,377
2022-12,AL,1037
2022-12,AR,1068
2022-12,AZ,4019
2022-12,CA,39619
2022-12,CO,2553
2022-12,CT,1618
2022-12,DC,839
2022-12,DE,182
2022-12,FL,21268
2022-12,GA,4897
2022-12,IA,753
2022-12,ID,186
2022-12,IL,2478
2022-12,IN,1591
2022-12,KS,704
2022-12,KY,101
2022-12,LA,3099
2022-12,MA,95
2022-12,MD,4545
2022-12,MI,2923
2022-12,MN,8053
2022-12,MO,1799
2022-12,MS,266
2022-12,MT,3028
2022-12,NC,6772
2022-12,ND,265
2022-12,NE,128
2022-12,NH,1
2022-12,NJ,2852
2022-12,NM,97
2022-12,NV,462
2022-12,NY,6658
2022-12,OH,7105
2022-12,OK,699
2022-12,OR,5415
2022-12,PA,9986
2022-12,RI,85
2022-12,SC,9163
2022-12,SD,5
2022-12,TN,3555
2022-12,TX,11208
2022-12,UT,2303
2022-12,VA,11731
2022-12,WA,1413
2022-12,WI,1289
2022-12,WV,640
2022-12,WY,355
2023-01,AL,917
2023-01,AR,1125
2023-01,AZ,3561
2023-01,CA,35867
2023-01,CO,2271
2023-01,CT,1382
2023-01,DC,694
2023-01,DE,154
2023-01,FL,20689
2023-01,GA,4205
2023-01,IA,396
2023-01,ID,152
2023-01,IL,2189
2023-01,IN,855
2023-01,KS,457
2023-01,KY,73
2023-01,LA,3098
2023-01,MA,126
2023-01,MD,3170
2023-01,MI,2775
2023-01,MN,6946
2023-01,MO,1766
2023-01,MS,276
2023-01,MT,1723
2023-01,NC,6478
2023-01,ND,228
2023-01,NE,48
2023-01,NJ,2107
2023-01,NM,111
2023-01,NV,652
2023-01,NY,5353
2023-01,OH,5015
2023-01,OK,595
2023-01,OR,2758
2023-01,PA,7278
2023-01,RI,49
2023-01,SC,8522
2023-01,TN,2468
2023-01,TX,9939
2023-01,UT,1706
2023-01,VA,9901
2023-01,WA,938
2023-01,WI,922
2023-01,WV,561
2023-01,WY,418
2023-02,AL,1
2023-02,AZ,1845
2023-02,CA,23360
2023-02,CO,1360
2023-02,CT,739
2023-02,DC,1
2023-02,FL,1430
2023-02,GA,2637
2023-02,IA,59
2023-02,ID,88
2023-02,IL,1425
2023-02,IN,400
2023-02,KS,351
2023-02,KY,1
2023-02,MA,2
2023-02,MI,1454
2023-02,MN,1293
2023-02,MO,440
2023-02,MT,271
2023-02,NC,1703
2023-02,NE,32
2023-02,NJ,1680
2023-02,NV,394
2023-02,NY,3676
2023-02,OH,3
2023-02,OR,2097
2023-02,PA,2868
2023-02,SC,1
2023-02,TX,2478
2023-02,UT,553
2023-02,VA,941
2023-02,WA,666
2023-02,WI,843
2023-02,WV,440
2023-03,AZ,836
2023-03,CA,15332
2023-03,CO,661
2023-03,CT,370
2023-03,FL,124
2023-03,GA,1615
2023-03,IA,15
2023-03,ID,30
2023-03,IL,827
2023-03,IN,238
2023-03,KS,145
2023-03,MI,740
2023-03,MN,710
2023-03,MO,180
2023-03,MT,160
2023-03,NC,952
2023-03,NE,9
2023-03,NJ,934
2023-03,NV,113
2023-03,NY,1791
2023-03,OR,1076
2023-03,PA,459
2023-03,SC,11
2023-03,TN,2
2023-03,TX,1407
2023-03,VA,584
2023-03,WA,383
2023-03,WI,281
2023-03,WV,202
